chemistry,cell_key,days_passed,temperature,state_of_charge,soh,predicted_soh,lower_soh,upper_soh,covered
LCO,LCO_25_50_60,0,60,50,1.0,0.997758518664135,0.9356583202828198,1.0598587170454503,True
LCO,LCO_25_50_60,35,60,50,0.9831430059319168,0.9738152058840175,0.9117150075027023,1.0359154042653327,True
LCO,LCO_25_50_60,58,60,50,0.9726279097642133,0.9614294304616192,0.899329232080304,1.0235296288429345,True
LCO,LCO_25_50_60,82,60,50,0.9636912798387559,0.9513364751074072,0.889236276726092,1.0134366734887224,True
LCO,LCO_25_50_60,120,60,50,0.9497735725071609,0.9412696311631318,0.8791694327818166,1.003369829544447,True
LCO,LCO_26_50_60,0,60,50,1.0,0.997758518664135,0.9356583202828198,1.0598587170454503,True
LCO,LCO_26_50_60,35,60,50,0.9799629791436001,0.9738152058840175,0.9117150075027023,1.0359154042653327,True
LCO,LCO_26_50_60,58,60,50,0.9697534301714845,0.9614294304616192,0.899329232080304,1.0235296288429345,True
LCO,LCO_26_50_60,82,60,50,0.9610867443625646,0.9513364751074072,0.889236276726092,1.0134366734887224,True
LCO,LCO_26_50_60,120,60,50,0.9464845997365665,0.9412696311631318,0.8791694327818166,1.003369829544447,True
LCO,LCO_43_100_60,0,60,100,1.0,0.9845684205635054,0.9224682221821902,1.0466686189448207,True
LCO,LCO_43_100_60,35,60,100,0.9505482047987434,0.9418552150728345,0.8797550166915193,1.0039554134541497,True
LCO,LCO_43_100_60,58,60,100,0.9057070463312971,0.9171349387263584,0.8550347403450432,0.9792351371076736,True
LCO,LCO_43_100_60,82,60,100,0.8511278597033163,0.8941711997991955,0.8320710014178803,0.9562713981805107,True
LCO,LCO_43_100_60,120,60,100,0.7955393489121916,0.863725615197748,0.8016254168164328,0.9258258135790632,False
LCO,LCO_71_20_60,0,60,20,1.0,1.0084726468744125,0.9463724484930973,1.0705728452557277,True
LCO,LCO_71_20_60,35,60,20,0.9903201949059391,0.9957912697206268,0.9336910713393116,1.057891468101942,True
LCO,LCO_71_20_60,58,60,20,0.978994435337651,0.9908061948526753,0.9287059964713601,1.0529063932339904,True
LCO,LCO_71_20_60,82,60,20,0.975731725286657,0.9884357096422337,0.9263355112609185,1.0505359080235488,True
LCO,LCO_71_20_60,120,60,20,0.966905224373837,0.9905961100922617,0.9284959117109465,1.052696308473577,True
LCO,LCO_112_100_60,0,60,100,1.0,0.9845684205635054,0.9224682221821902,1.0466686189448207,True
LCO,LCO_112_100_60,35,60,100,0.9522001014289577,0.9418552150728345,0.8797550166915193,1.0039554134541497,True
LCO,LCO_112_100_60,58,60,100,0.9073468583609366,0.9171349387263584,0.8550347403450432,0.9792351371076736,True
LCO,LCO_112_100_60,82,60,100,0.8522116389275036,0.8941711997991955,0.8320710014178803,0.9562713981805107,True
LCO,LCO_112_100_60,120,60,100,0.7902217727108165,0.863725615197748,0.8016254168164328,0.9258258135790632,False
LCO,LCO_115_50_60,0,60,50,1.0,0.997758518664135,0.9356583202828198,1.0598587170454503,True
LCO,LCO_115_50_60,35,60,50,0.9977881075113014,0.9738152058840175,0.9117150075027023,1.0359154042653327,True
LCO,LCO_115_50_60,58,60,50,0.9880543173520793,0.9614294304616192,0.899329232080304,1.0235296288429345,True
LCO,LCO_115_50_60,82,60,50,0.9766362152617429,0.9513364751074072,0.889236276726092,1.0134366734887224,True
LCO,LCO_115_50_60,120,60,50,0.9610992131606321,0.9412696311631318,0.8791694327818166,1.003369829544447,True
LFP,LFP_7_20_60,0,60,20,1.0,1.0154790734798107,0.9533788750984955,1.077579271861126,True
LFP,LFP_7_20_60,39,60,20,0.9822545390045706,1.0017399632773245,0.9396397648960093,1.0638401616586397,True
LFP,LFP_7_20_60,59,60,20,0.9775818616184548,0.9976561201798099,0.9355559217984947,1.0597563185611252,True
LFP,LFP_7_20_60,84,60,20,0.9691261889032192,0.9953751182125773,0.9332749198312621,1.0574753165938926,True
LFP,LFP_7_20_60,120,60,20,0.9556344101087909,0.99760253669766,0.9355023383163448,1.0597027350789752,True
LFP,LFP_83_50_60,0,60,50,1.0,1.0047649452695333,0.9426647468882181,1.0668651436508485,True
LFP,LFP_83_50_60,39,60,50,1.0278863612709115,0.9784768210834202,0.916376622702105,1.0405770194647355,True
LFP,LFP_83_50_60,59,60,50,1.020625353886429,0.9679575861994301,0.9058573878181149,1.0300577845807453,True
LFP,LFP_83_50_60,84,60,50,1.006052351345669,0.9576323444991032,0.895532146117788,1.0197325428804183,True
LFP,LFP_83_50_60,120,60,50,0.9720078699186508,0.9482760577685301,0.8861758593872149,1.0103762561498453,True
LMO,LMO_4_50_50,0,50,50,1.0,1.041678764555346,0.9795785661740308,1.1037789629366612,True
LMO,LMO_4_50_50,92,50,50,0.9866639140267589,1.0063380617955058,0.9442378634141906,1.068438260176821,True
LMO,LMO_4_50_50,152,50,50,0.9767831623295857,1.006181398160697,0.9440811997793819,1.0682815965420123,True
LMO,LMO_5_50_60,0,60,50,1.0,1.0358624655650137,0.9737622671836985,1.097962663946329,True
LMO,LMO_5_50_60,29,60,50,1.0172922191821212,1.0155869726621383,0.9534867742808231,1.0776871710434535,True
LMO,LMO_5_50_60,63,60,50,1.0111097780400222,0.99719222394731,0.9350920255659948,1.059292422328625,True
LMO,LMO_5_50_60,79,60,50,1.00999202305141,0.9905439085209012,0.928443710139586,1.0526441069022163,True
LMO,LMO_5_50_60,120,60,50,1.0036527103159907,0.9793735780640104,0.9172733796826952,1.0414737764453257,True
LMO,LMO_8_100_60,0,60,100,1.0,1.0226723674643838,0.9605721690830686,1.084772565845699,True
LMO,LMO_8_100_60,29,60,100,0.9827902378623949,0.986844677744193,0.9247444793628778,1.0489448761255082,True
LMO,LMO_8_100_60,63,60,100,0.9577714465378393,0.9502163189676844,0.8881161205863692,1.0123165173489996,True
LMO,LMO_8_100_60,79,60,100,0.9330902497958693,0.9349874811593084,0.8728872827779932,0.9970876795406236,True
LMO,LMO_8_100_60,120,60,100,0.8889461703107133,0.9018295620986266,0.8397293637173114,0.9639297604799418,True
LMO,LMO_15_20_60,0,60,20,1.0,1.046576593775291,0.9844763953939759,1.1086767921566063,True
LMO,LMO_15_20_60,29,60,20,1.0153286376715902,1.035632418962805,0.9735322205814898,1.0977326173441202,True
LMO,LMO_15_20_60,63,60,20,1.0026339771424044,1.028177836284985,0.9660776379036697,1.0902780346663001,True
LMO,LMO_15_20_60,79,60,20,1.0067652794373347,1.0266778342877565,0.9645776359064413,1.0887780326690717,True
LMO,LMO_15_20_60,120,60,20,1.0095447856858097,1.0287000569931402,0.966599858611825,1.0908002553744554,True
LMO,LMO_26_50_50,0,50,50,1.0,1.041678764555346,0.9795785661740308,1.1037789629366612,True
LMO,LMO_26_50_50,92,50,50,0.9951164709848361,1.0063380617955058,0.9442378634141906,1.068438260176821,True
LMO,LMO_26_50_50,152,50,50,0.9906819144430327,1.006181398160697,0.9440811997793819,1.0682815965420123,True
LMO,LMO_37_100_50,0,50,100,1.0,1.0404507795157842,0.978350581134469,1.1025509778970994,True
LMO,LMO_37_100_50,92,50,100,0.9725625468549423,0.9557720730596326,0.8936718746783174,1.0178722714409478,True
LMO,LMO_37_100_50,152,50,100,0.9696191681643133,0.9234384504924469,0.8613382521111317,0.9855386488737621,True
LMO,LMO_39_100_60,0,60,100,1.0,1.0226723674643838,0.9605721690830686,1.084772565845699,True
LMO,LMO_39_100_60,29,60,100,0.9785609842107443,0.986844677744193,0.9247444793628778,1.0489448761255082,True
LMO,LMO_39_100_60,63,60,100,0.9915349870250931,0.9502163189676844,0.8881161205863692,1.0123165173489996,True
LMO,LMO_39_100_60,79,60,100,0.9501989419016936,0.9349874811593084,0.8728872827779932,0.9970876795406236,True
LMO,LMO_39_100_60,120,60,100,0.9181715581725894,0.9018295620986266,0.8397293637173114,0.9639297604799418,True
LMO,LMO_41_100_60,0,60,100,1.0,1.0226723674643838,0.9605721690830686,1.084772565845699,True
LMO,LMO_41_100_60,29,60,100,1.0027595232192774,0.986844677744193,0.9247444793628778,1.0489448761255082,True
LMO,LMO_41_100_60,63,60,100,0.9871417000126905,0.9502163189676844,0.8881161205863692,1.0123165173489996,True
LMO,LMO_41_100_60,79,60,100,0.9627527996184708,0.9349874811593084,0.8728872827779932,0.9970876795406236,True
LMO,LMO_41_100_60,120,60,100,0.9273634139753444,0.9018295620986266,0.8397293637173114,0.9639297604799418,True
LTO,LTO_3_20_50,0,50,20,1.0,0.9776370290167345,0.9155368306354194,1.0397372273980499,True
LTO,LTO_3_20_50,99,50,20,0.9981624012576676,0.9732020110588829,0.9111018126775677,1.0353022094401982,True
LTO,LTO_3_20_50,152,50,20,0.9961046171066137,0.9910486401992986,0.9289484418179834,1.0531488385806138,True
LTO,LTO_8_20_60,0,60,20,1.0,0.9789979978630429,0.9168977994817277,1.041098196244358,True
LTO,LTO_8_20_60,31,60,20,0.9876328792150799,0.9674546752343572,0.905354476853042,1.0295548736156723,True
LTO,LTO_8_20_60,64,60,20,0.9745357284088757,0.9604678395558479,0.8983676411745327,1.022568037937163,True
LTO,LTO_8_20_60,81,60,20,0.965406829591124,0.959002099786804,0.8969019014054888,1.021102298168119,True
LTO,LTO_8_20_60,120,60,20,0.950578928898905,0.9611214610808921,0.8990212626995769,1.0232216594622074,True
LTO,LTO_20_50_50,0,50,50,1.0,0.9741001686430979,0.9119999702617827,1.036200367024413,True
LTO,LTO_20_50_50,99,50,50,0.9422786380010604,0.9378099613421931,0.8757097629608779,0.9999101597235083,True
LTO,LTO_20_50_50,152,50,50,0.8763053247839419,0.9386028022484489,0.8765026038671337,1.0007030006297641,False
LTO,LTO_21_50_50,0,50,50,1.0,0.9741001686430979,0.9119999702617827,1.036200367024413,True
LTO,LTO_21_50_50,99,50,50,0.9380494946502023,0.9378099613421931,0.8757097629608779,0.9999101597235083,True
LTO,LTO_21_50_50,152,50,50,0.8740904802490626,0.9386028022484489,0.8765026038671337,1.0007030006297641,False
LTO,LTO_38_100_50,0,50,100,1.0,0.9728721836035362,0.910771985222221,1.0349723819848515,True
LTO,LTO_38_100_50,99,50,100,0.9669542351652798,0.8834899940642091,0.8213897956828939,0.9455901924455243,False
LTO,LTO_38_100_50,152,50,100,0.910668840801297,0.8558598545801988,0.7937596561988836,0.917960052961514,True
NCA,NCA_7_20_60,0,60,20,1.0,0.999517529198709,0.9374173308173938,1.0616177275800243,True
NCA,NCA_7_20_60,28,60,20,0.9828050782955384,0.9888804584327351,0.9267802600514199,1.0509806568140503,True
NCA,NCA_7_20_60,56,60,20,0.9758175326968739,0.9821791400103239,0.9200789416290087,1.0442793383916391,True
NCA,NCA_7_20_60,81,60,20,0.9663196701946509,0.9795216311224699,0.9174214327411547,1.0416218295037851,True
NCA,NCA_7_20_60,120,60,20,0.9583676846936424,0.9816409924165581,0.9195407940352429,1.0437411907978733,True
NCA,NCA_72_20_60,0,60,20,1.0,0.999517529198709,0.9374173308173938,1.0616177275800243,True
NCA,NCA_72_20_60,28,60,20,0.9795352840543881,0.9888804584327351,0.9267802600514199,1.0509806568140503,True
NCA,NCA_72_20_60,56,60,20,0.9729249265760198,0.9821791400103239,0.9200789416290087,1.0442793383916391,True
NCA,NCA_72_20_60,81,60,20,0.9653893695920889,0.9795216311224699,0.9174214327411547,1.0416218295037851,True
NCA,NCA_72_20_60,120,60,20,0.9567367119901112,0.9816409924165581,0.9195407940352429,1.0437411907978733,True
NCA,NCA_84_50_60,0,60,50,1.0,0.9888034009884316,0.9267032026071164,1.0509035993697466,True
NCA,NCA_84_50_60,28,60,50,0.971958764187528,0.9691567817213922,0.907056583340077,1.0312569801027074,True
NCA,NCA_84_50_60,56,60,50,0.9618033293072399,0.9534459147979154,0.8913457164166002,1.0155461131792305,True
NCA,NCA_84_50_60,81,60,50,0.9499745163446197,0.9427441661769671,0.8806439677956519,1.0048443645582823,True
NCA,NCA_84_50_60,120,60,50,0.9385815306706413,0.9323145134874282,0.870214315106113,0.9944147118687434,True
NCA,NCA_118_20_60,0,60,20,1.0,0.999517529198709,0.9374173308173938,1.0616177275800243,True
NCA,NCA_118_20_60,28,60,20,0.9819854379552003,0.9888804584327351,0.9267802600514199,1.0509806568140503,True
NCA,NCA_118_20_60,56,60,20,0.9760814414142828,0.9821791400103239,0.9200789416290087,1.0442793383916391,True
NCA,NCA_118_20_60,81,60,20,0.9673076914862825,0.9795216311224699,0.9174214327411547,1.0416218295037851,True
NCA,NCA_118_20_60,120,60,20,0.9594840913388487,0.9816409924165581,0.9195407940352429,1.0437411907978733,True
NMC,NMC_84_50_60,0,60,50,1.0,0.9929400039475513,0.9308398055662361,1.0550402023288665,True
NMC,NMC_84_50_60,37,60,50,0.9927994140022831,0.9678142452798861,0.9057140468985709,1.0299144436612013,True
NMC,NMC_84_50_60,57,60,50,0.9860396789627716,0.957094206704898,0.8949940083235828,1.0191944050862132,True
NMC,NMC_84_50_60,80,60,50,0.9835705383975902,0.9472485979736255,0.8851483995923103,1.0093487963549408,True
NMC,NMC_84_50_60,120,60,50,0.9731398410549438,0.9364511164465481,0.8743509180652329,0.9985513148278633,True
NMC,NMC_115_50_60,0,60,50,1.0,0.9929400039475513,0.9308398055662361,1.0550402023288665,True
NMC,NMC_115_50_60,37,60,50,0.9995645203516312,0.9678142452798861,0.9057140468985709,1.0299144436612013,True
NMC,NMC_115_50_60,57,60,50,0.992050106149516,0.957094206704898,0.8949940083235828,1.0191944050862132,True
NMC,NMC_115_50_60,80,60,50,0.9883665678556024,0.9472485979736255,0.8851483995923103,1.0093487963549408,True
NMC,NMC_115_50_60,120,60,50,0.9840638818614313,0.9364511164465481,0.8743509180652329,0.9985513148278633,True
