chemistry,cell_key,days_passed,temperature,state_of_charge,soh,predicted_soh,residual
LCO,LCO_7_20_60,0,60,20,1.0,1.0030630240638143,-0.0030630240638143125
LCO,LCO_7_20_60,35,60,20,0.9842824303138284,0.9920275959531272,-0.007745165639298723
LCO,LCO_7_20_60,58,60,20,0.9733950008709816,0.9870934978374883,-0.013698496966506712
LCO,LCO_7_20_60,82,60,20,0.9705973467148712,0.9839047142243876,-0.013307367509516443
LCO,LCO_7_20_60,120,60,20,0.9623594780629777,0.9829492325779581,-0.020589754514980352
LCO,LCO_26_50_60,0,60,50,1.0,0.9943926028434384,0.0056073971565615555
LCO,LCO_26_50_60,35,60,50,0.9799629791436001,0.9739264674091284,0.006036511734471728
LCO,LCO_26_50_60,58,60,50,0.9697534301714845,0.9627950473379661,0.006958382833518462
LCO,LCO_26_50_60,82,60,50,0.9610867443625646,0.9531394929886668,0.007947251373897735
LCO,LCO_26_50_60,120,60,50,0.9464845997365665,0.9419449576765897,0.004539642059976812
LCO,LCO_44_100_60,0,60,100,1.0,0.9792091138277859,0.02079088617221414
LCO,LCO_44_100_60,35,60,100,0.9531247071966513,0.9430251328541045,0.010099574342546824
LCO,LCO_44_100_60,58,60,100,0.9570064825968814,0.9215648428570695,0.03544163973981185
LCO,LCO_44_100_60,82,60,100,0.9034184231201304,0.901131337280773,0.002287085839357439
LCO,LCO_44_100_60,120,60,100,0.8317871896867526,0.8728717125259498,-0.04108452283919717
LCO,LCO_83_50_60,0,60,50,1.0,0.9943926028434384,0.0056073971565615555
LCO,LCO_83_50_60,35,60,50,0.9989552022007963,0.9739264674091284,0.025028734791667895
LCO,LCO_83_50_60,58,60,50,0.9880171894244527,0.9627950473379661,0.025222142086486654
LCO,LCO_83_50_60,82,60,50,0.9816886748806174,0.9531394929886668,0.028549181891950548
LCO,LCO_83_50_60,120,60,50,0.966702213799686,0.9419449576765897,0.024757256123096316
LCO,LCO_96_100_60,0,60,100,1.0,0.9792091138277859,0.02079088617221414
LCO,LCO_96_100_60,35,60,100,0.9402197816128609,0.9430251328541045,-0.002805351241243592
LCO,LCO_96_100_60,58,60,100,0.907106226267287,0.9215648428570695,-0.014458616589782536
LCO,LCO_96_100_60,82,60,100,0.8606593414299051,0.901131337280773,-0.040471995850867915
LCO,LCO_96_100_60,120,60,100,0.8103000213902619,0.8728717125259498,-0.06257169113568783
LCO,LCO_112_100_60,0,60,100,1.0,0.9792091138277859,0.02079088617221414
LCO,LCO_112_100_60,35,60,100,0.9522001014289577,0.9430251328541045,0.009174968574853226
LCO,LCO_112_100_60,58,60,100,0.9073468583609366,0.9215648428570695,-0.014217984496132874
LCO,LCO_112_100_60,82,60,100,0.8522116389275036,0.901131337280773,-0.04891969835326937
LCO,LCO_112_100_60,120,60,100,0.7902217727108165,0.8728717125259498,-0.08264993981513324
LFP,LFP_7_20_60,0,60,20,1.0,1.0222683684963783,-0.022268368496378255
LFP,LFP_7_20_60,39,60,20,0.9822545390045706,1.0102427903739355,-0.02798825136936489
LFP,LFP_7_20_60,59,60,20,0.9775818616184548,1.006126014999228,-0.028544153380773096
LFP,LFP_7_20_60,84,60,20,0.9691261889032192,1.0029346739466343,-0.03380848504341505
LFP,LFP_7_20_60,120,60,20,0.9556344101087909,1.002154577010522,-0.04652016690173111
LFP,LFP_8_20_60,0,60,20,1.0,1.0222683684963783,-0.022268368496378255
LFP,LFP_8_20_60,39,60,20,0.9801075385604113,1.0102427903739355,-0.030135251813524166
LFP,LFP_8_20_60,59,60,20,0.9679704305912596,1.006126014999228,-0.03815558440796829
LFP,LFP_8_20_60,84,60,20,0.9526919473007711,1.0029346739466343,-0.050242726645863156
LFP,LFP_8_20_60,120,60,20,0.9337009318766066,1.002154577010522,-0.06845364513391539
LFP,LFP_83_50_60,0,60,50,1.0,1.0135979472760024,-0.013597947276002387
LFP,LFP_83_50_60,39,60,50,1.0278863612709115,0.9910638667072369,0.03682249456367459
LFP,LFP_83_50_60,59,60,50,1.020625353886429,0.9815581157190307,0.03906723816739821
LFP,LFP_83_50_60,84,60,50,1.006052351345669,0.9716305551495635,0.034421796196105414
LFP,LFP_83_50_60,120,60,50,0.9720078699186508,0.9611503021091536,0.010857567809497204
LFP,LFP_95_100_60,0,60,100,1.0,0.9984144582603497,0.001585541739650309
LFP,LFP_95_100_60,39,60,100,0.9800704996856529,0.9583662069477135,0.02170429273793939
LFP,LFP_95_100_60,59,60,100,0.9803696201036062,0.9398788299370094,0.040490790166596735
LFP,LFP_95_100_60,84,60,100,0.9148620870161194,0.9187242368394198,-0.0038621498233004647
LFP,LFP_95_100_60,120,60,100,0.8502519151824924,0.8920770569585137,-0.04182514177602126
LMO,LMO_8_100_60,0,60,100,1.0,1.0064153370034603,-0.0064153370034603086
LMO,LMO_8_100_60,29,60,100,0.9827902378623949,0.9761320083737202,0.006658229488674783
LMO,LMO_8_100_60,63,60,100,0.9577714465378393,0.9443490282147933,0.013422418323046026
LMO,LMO_8_100_60,79,60,100,0.9330902497958693,0.9307822894762002,0.002307960319669067
LMO,LMO_8_100_60,120,60,100,0.8889461703107133,0.9000779357016242,-0.011131765390910875
LMO,LMO_25_50_50,0,50,50,1.0,1.0373836891111592,-0.03738368911115919
LMO,LMO_25_50_50,92,50,50,0.988331472777175,1.0061143532881047,-0.01778288051092969
LMO,LMO_25_50_50,152,50,50,0.9866146090494009,1.001566827183454,-0.014952218134053008
LMO,LMO_27_50_60,0,60,50,1.0,1.021598826019113,-0.021598826019112893
LMO,LMO_27_50_60,29,60,50,1.0525038119850154,1.0043388551219947,0.04816495686302069
LMO,LMO_27_50_60,63,60,50,1.0489974121888312,0.9878246392013142,0.061172772987517
LMO,LMO_27_50_60,79,60,50,1.0453555988066248,0.9814432012807195,0.06391239752590527
LMO,LMO_27_50_60,120,60,50,1.0428612191200048,0.9691511808522641,0.0737100382677407
LMO,LMO_28_50_60,0,60,50,1.0,1.021598826019113,-0.021598826019112893
LMO,LMO_28_50_60,29,60,50,1.032239790595679,1.0043388551219947,0.02790093547368433
LMO,LMO_28_50_60,63,60,50,1.0279714006613836,0.9878246392013142,0.04014676146006935
LMO,LMO_28_50_60,79,60,50,1.0291852364404388,0.9814432012807195,0.04774203515971931
LMO,LMO_28_50_60,120,60,50,1.0246306908202778,0.9691511808522641,0.05547950996801365
LMO,LMO_36_100_50,0,50,100,1.0,1.034863519098616,-0.03486351909861596
LMO,LMO_36_100_50,92,50,100,0.9817664152261709,0.9622787035720712,0.019487711654099682
LMO,LMO_36_100_50,152,50,100,1.0002093311172997,0.9307862993999267,0.06942303171737296
LMO,LMO_39_100_60,0,60,100,1.0,1.0064153370034603,-0.0064153370034603086
LMO,LMO_39_100_60,29,60,100,0.9785609842107443,0.9761320083737202,0.002428975837024172
LMO,LMO_39_100_60,63,60,100,0.9915349870250931,0.9443490282147933,0.047185958810299855
LMO,LMO_39_100_60,79,60,100,0.9501989419016936,0.9307822894762002,0.019416652425493397
LMO,LMO_39_100_60,120,60,100,0.9181715581725894,0.9000779357016242,0.018093622470965243
LMO,LMO_41_100_60,0,60,100,1.0,1.0064153370034603,-0.0064153370034603086
LMO,LMO_41_100_60,29,60,100,1.0027595232192774,0.9761320083737202,0.026627514845557254
LMO,LMO_41_100_60,63,60,100,0.9871417000126905,0.9443490282147933,0.04279267179789725
LMO,LMO_41_100_60,79,60,100,0.9627527996184708,0.9307822894762002,0.03197051014227059
LMO,LMO_41_100_60,120,60,100,0.9273634139753444,0.9000779357016242,0.027285478273720187
LTO,LTO_9_20_60,0,60,20,1.0,0.970051794082858,0.02994820591714198
LTO,LTO_9_20_60,31,60,20,1.018618534197437,0.9600621142961977,0.058556419901239276
LTO,LTO_9_20_60,64,60,20,1.0214610618678681,0.9530974276493409,0.0683636342185272
LTO,LTO_9_20_60,81,60,20,1.019015481610423,0.9509863889403655,0.06802909267005763
LTO,LTO_9_20_60,120,60,20,1.013332181907663,0.9499380025970017,0.06339417931066138
LTO,LTO_20_50_50,0,50,50,1.0,0.9771662359545282,0.02283376404547177
LTO,LTO_20_50_50,99,50,50,0.9422786380010604,0.9447217624863683,-0.0024431244853079237
LTO,LTO_20_50_50,152,50,50,0.8763053247839419,0.941349374026823,-0.0650440492428811
LTO,LTO_44_100_60,0,60,100,1.0,0.9461978838468295,0.05380211615317054
LTO,LTO_44_100_60,31,60,100,0.9479747396710422,0.9139337715243744,0.034040968146667794
LTO,LTO_44_100_60,64,60,100,0.8603491708965799,0.8832575921781232,-0.022908421281543245
LTO,LTO_44_100_60,81,60,100,0.7910021779898249,0.8689315420785506,-0.07792936408872575
LTO,LTO_44_100_60,120,60,100,0.7251992878621277,0.8398604825449933,-0.11466119468286562
LTO,LTO_45_100_60,0,60,100,1.0,0.9461978838468295,0.05380211615317054
LTO,LTO_45_100_60,31,60,100,0.9636516163029105,0.9139337715243744,0.049717844778536135
LTO,LTO_45_100_60,64,60,100,0.8989204796700332,0.8832575921781232,0.015662887491910027
LTO,LTO_45_100_60,81,60,100,0.8427029887257813,0.8689315420785506,-0.0262285533527693
LTO,LTO_45_100_60,120,60,100,0.7831292296654545,0.8398604825449933,-0.05673125287953884
NCA,NCA_26_50_60,0,60,50,1.0,0.9838474379400766,0.016152562059923437
NCA,NCA_26_50_60,28,60,50,0.9683505108910891,0.9671339899299664,0.0012165209611227912
NCA,NCA_26_50_60,56,60,50,0.9583108039603961,0.9531448592211534,0.0051659447392427005
NCA,NCA_26_50_60,81,60,50,0.9467821782178218,0.9429566815629141,0.003825496654907723
NCA,NCA_26_50_60,120,60,50,0.9366061623762376,0.9313997927732278,0.005206369603009797
NCA,NCA_44_100_60,0,60,100,1.0,0.968663948924424,0.03133605107557602
NCA,NCA_44_100_60,28,60,100,0.9192497988328359,0.9393762244828168,-0.020126425649980906
NCA,NCA_44_100_60,56,60,100,0.9047149504699439,0.9128128173425067,-0.008097866872562864
NCA,NCA_44_100_60,81,60,100,0.8879049477730006,0.8913976071561451,-0.0034926593831445807
NCA,NCA_44_100_60,120,60,100,0.865708420773655,0.862326547622588,0.003381873151066972
NCA,NCA_84_50_60,0,60,50,1.0,0.9838474379400766,0.016152562059923437
NCA,NCA_84_50_60,28,60,50,0.971958764187528,0.9671339899299664,0.00482477425756167
NCA,NCA_84_50_60,56,60,50,0.9618033293072399,0.9531448592211534,0.008658470086086445
NCA,NCA_84_50_60,81,60,50,0.9499745163446197,0.9429566815629141,0.00701783478170559
NCA,NCA_84_50_60,120,60,50,0.9385815306706413,0.9313997927732278,0.007181737897413498
NMC,NMC_43_100_60,0,60,100,1.0,0.9869733248294166,0.013026675170583424
NMC,NMC_43_100_60,37,60,100,0.9189784032839281,0.9488502588972239,-0.02987185561329575
NMC,NMC_43_100_60,57,60,100,0.8578878731157981,0.9302238861058414,-0.07233601299004333
NMC,NMC_96_100_60,0,60,100,1.0,0.9869733248294166,0.013026675170583424
NMC,NMC_96_100_60,37,60,100,0.935585132532216,0.9488502588972239,-0.013265126365007873
NMC,NMC_96_100_60,57,60,100,0.8630739739668806,0.9302238861058414,-0.06714991213896082
NMC,NMC_112_100_60,0,60,100,1.0,0.9869733248294166,0.013026675170583424
NMC,NMC_112_100_60,37,60,100,0.9289111064574059,0.9488502588972239,-0.01993915243981792
NMC,NMC_112_100_60,57,60,100,0.858647838324066,0.9302238861058414,-0.0715760477817754
